{
    "epoch_time_avg": 28.454425942897796,
    "epoch_time_pure_avg": 26.91738246679306,
    "train_time": 569.0885188579559,
    "train_time_pure": 538.3476493358612
}