{
   "accuracy": 0.934640522875817,
   "eval_time_avg": 0.1626347303390503,
   "eval_time_pure_avg": 0.15764319896697998
}