{
   "accuracy": 0.9477124183006536,
   "eval_time_avg": 0.1483031153678894,
   "eval_time_pure_avg": 0.14820326566696168
}