{
   "accuracy": 0.9477124183006536,
   "eval_time_avg": 0.1549352526664734,
   "eval_time_pure_avg": 0.15458602905273439
}